id;type;text;id_number;time
1;REGISTERED;repurpose Credit Card Account;Berkshire focus group Solutions;2021-02-26T15:50:36
2;PAYMENT;initiatives;Saint Helena Pound Analyst Administrator;2021-02-27T08:13:47
3;PARTICIPANT;Administrator Garden content;monitor;2021-02-27T04:07:53
4;MESSAGE;extend;one-to-one compressing B2B;2021-02-26T12:29:09
5;CREATE_COURSE;Small Circle;benchmark Kiribati Borders;2021-02-27T00:37:10
6;CREATE_COURSE;Avon;Group Optimization;2021-02-26T19:23:40
7;PAYMENT;Savings Account stable;Baby Cheese card;2021-02-27T09:58:30
8;CREATE_COURSE;Garden;24/365 Automotive Concrete;2021-02-26T13:52:41
9;CREATE_COURSE;Boliviano Mvdol Research;Saint Pierre and Miquelon payment Saint Martin;2021-02-26T16:28:00
10;LOGIN;Baht;turn-key Nuevo Sol;2021-02-26T13:14:00
